ad_name,creative_url,ad_id,,,Has Traits?
d:Ad|c:Bath|b:Nonbrand|s:Internal|ty:Image|st:AngiBathCost|f:V1,https://scontent-iad3-2.xx.fbcdn.net/v/t45.1600-4/548560728_24215234428161079_2509574841514937189_n.png?stp=dst-jpg_tt6&_nc_cat=103&ccb=1-7&_nc_sid=890911&_nc_ohc=S2vNXr99Ej0Q7kNvwFr0AMa&_nc_oc=AdmU2LQI9mByx8mZLcdeRe0DNxrVFMcCEN6iArc_OpC47o9R3OaPkucKGWePkSk0PAk&_nc_zt=1&_nc_ht=scontent-iad3-2.xx&edm=AAT1rw8EAAAA&_nc_gid=fwHM9Qd0Rk6plxX0tLmr_A&oh=00_AfbAc6-PTfvXy8uXNazD9da_xJMd4lAr9WYqc4WWXanFiQ&oe=68D8F676,120230934425200408,,,d:Ad|c:Bath|b:Nonbrand|s:Internal|ty:Image|st:AngiBathCost|f:V1
d:Ad|c:Bath|b:Nonbrand|s:Internal|ty:Image|st:AngiBathCost|f:V2,https://scontent-iad3-2.xx.fbcdn.net/v/t45.1600-4/547587900_4108063962838094_8633894200957449797_n.png?stp=dst-jpg_tt6&_nc_cat=103&ccb=1-7&_nc_sid=890911&_nc_ohc=z3v_NflKIL8Q7kNvwFcjJfa&_nc_oc=AdncT8QHjSM_Mp-baK9bhsr6bN8-hXXGW6wafC8NppPHPZPBroEXnwBBx1-Tdxcm1VA&_nc_zt=1&_nc_ht=scontent-iad3-2.xx&edm=AAT1rw8EAAAA&_nc_gid=fwHM9Qd0Rk6plxX0tLmr_A&oh=00_AfYIWBbewZc_0VvMw6sFI4Lkz95CAZ847tICdIe_iIuf_A&oe=68D8E6E0,120230934533500408,,,d:Ad|c:Bath|b:Nonbrand|s:Internal|ty:Image|st:AngiBathCost|f:V2
d:Ad|c:Bath|b:Nonbrand|s:Internal|ty:Image|st:AngiBathCost|f:V3,https://scontent-iad3-2.xx.fbcdn.net/v/t45.1600-4/548024953_1495713624784334_5564801142069949133_n.png?stp=dst-jpg_tt6&_nc_cat=105&ccb=1-7&_nc_sid=890911&_nc_ohc=NUH6m1K9qWkQ7kNvwECfrfB&_nc_oc=Adl-7s9RU0t6KbyREiWPN11DLZbqAM1-qgcWZN_xMvwPCwfCOc9uYzfwmBngIRwWL7A&_nc_zt=1&_nc_ht=scontent-iad3-2.xx&edm=AAT1rw8EAAAA&_nc_gid=fwHM9Qd0Rk6plxX0tLmr_A&oh=00_AfabPZK0c5CttvCmTo1FbWvE2UXPsqEJpD2EkTdDQqmTIw&oe=68D8EC37,120230934583180408,,,d:Ad|c:Bath|b:Nonbrand|s:Internal|ty:Image|st:AngiBathCost|f:V3
d:Ad|c:Bath|b:Nonbrand|s:Internal|ty:Image|st:BeforeAfter|f:90s - Copy,https://scontent-iad3-1.xx.fbcdn.net/v/t45.1600-4/528223355_1095196645334610_8184373223283995777_n.png?stp=dst-jpg_tt6&_nc_cat=110&ccb=1-7&_nc_sid=890911&_nc_ohc=p9cWLNgcpz4Q7kNvwHBsVjL&_nc_oc=Adn1IFflAwCK6mCjMr_AovWtSYld-aFGchPpbivc0i5v-zNS2KSw3ol7ylzCfU0dOTQ&_nc_zt=1&_nc_ht=scontent-iad3-1.xx&edm=AAT1rw8EAAAA&_nc_gid=F0uSAMGtDzjaZAnUxKuVwA&oh=00_AfYUew2N3WHZADpAryIb1YPkpuLlH_s3ksi9BGLcMR1EhA&oe=68D8C64B,120229533536480408,,,d:Ad|c:Bath|b:Nonbrand|s:Internal|ty:Image|st:BeforeAfter|f:90s - Copy
d:Ad|c:Bath|b:Nonbrand|s:Internal|ty:Image|st:BeforeAfter|f:BathroomV1,https://scontent-ord5-2.xx.fbcdn.net/v/t45.1600-4/528602946_657154810744043_8666428234305348268_n.png?stp=dst-jpg_tt6&_nc_cat=105&ccb=1-7&_nc_sid=890911&_nc_ohc=7Fcb75ys4XwQ7kNvwGbVrKD&_nc_oc=Admio9OXk28q0hbxz0esIGCaeFeuohlCpzGpN2q_ruzXOZk7S3UV4hvwg-n7YH8J2Iw&_nc_zt=1&_nc_ht=scontent-ord5-2.xx&edm=AAT1rw8EAAAA&_nc_gid=bynu8cb65zu4ZkcEN-lsaQ&oh=00_AfepBk4gRzGdGJCJBMxyNBgfAywP3jR1t_XAOStF_ACung&oe=68ED3A34,120231642778910408,,,d:Ad|c:Bath|b:Nonbrand|s:Internal|ty:Image|st:BeforeAfter|f:BathroomV1
d:Ad|c:Bath|b:Nonbrand|s:Internal|ty:Image|st:ClickyQuestion|f:#Showers,https://scontent-ord5-1.xx.fbcdn.net/v/t45.1600-4/528053927_667707079661224_8049850909094681134_n.png?stp=dst-jpg_tt6&_nc_cat=101&ccb=1-7&_nc_sid=890911&_nc_ohc=ojWgPys9BuEQ7kNvwHPdsCF&_nc_oc=AdlUAk3ipDpXeDXZGYzDmpuVP1C8c4ewfvEpV5cNXdVxXnyWhtdBmJjGFWPg_zjUYFU&_nc_zt=1&_nc_ht=scontent-ord5-1.xx&edm=AAT1rw8EAAAA&_nc_gid=j8xnjszwl890Ri0pIbuRTw&oh=00_Afdk6UT1y6kvwv2olv4WduzLOBuCgKV9rlzK0oKRVBGkdQ&oe=68ED2FAA,120231642779650408,,,d:Ad|c:Bath|b:Nonbrand|s:Internal|ty:Image|st:ClickyQuestion|f:#Showers
d:Ad|c:Bath|b:Nonbrand|s:Internal|ty:Image|st:ClickyQuestion|f:Cleobathra,,120231642778920408,,,d:Ad|c:Bath|b:Nonbrand|s:Internal|ty:Image|st:ClickyQuestion|f:Cleobathra
d:Ad|c:Bath|b:Nonbrand|s:Internal|ty:Image|st:ClickyQuestion|f:FloorplanShowerLargeV2,https://scontent-iad3-2.xx.fbcdn.net/v/t45.1600-4/529419575_1366511574447477_6094968126788840509_n.png?stp=dst-jpg_tt6&_nc_cat=105&ccb=1-7&_nc_sid=890911&_nc_ohc=onNDJDC_95MQ7kNvwHw3bYE&_nc_oc=AdmpFUIfxQkP2eduhqtlt_75qAfvo317qjP2u1zj2-4dXO5GL2wpxQAyiDpmrnOVbk8&_nc_zt=1&_nc_ht=scontent-iad3-2.xx&edm=AAT1rw8EAAAA&_nc_gid=_ASt1za-WleVhyZm7U7E9Q&oh=00_AfYniCLYjBHLGRZk0x1HLm6PxmkukopX_6fHgbR81IoCUA&oe=68C592F4,120231642779250408,,,d:Ad|c:Bath|b:Nonbrand|s:Internal|ty:Image|st:ClickyQuestion|f:FloorplanShowerLargeV2
d:Ad|c:Bath|b:Nonbrand|s:Internal|ty:Image|st:ClickyQuestion|f:PersonShower,https://scontent-ord5-2.xx.fbcdn.net/v/t45.1600-4/528079935_767964092434727_2249752538162785587_n.png?stp=dst-jpg_tt6&_nc_cat=104&ccb=1-7&_nc_sid=890911&_nc_ohc=i3sQsacPv1wQ7kNvwGRbEVD&_nc_oc=AdmBpDr61iFOZRn4yQEI3rhCBmgG7QmIpRU1BnEWf_mpPV1EZzfGLm46dbJBmKDMdPM&_nc_zt=1&_nc_ht=scontent-ord5-2.xx&edm=AAT1rw8EAAAA&_nc_gid=bynu8cb65zu4ZkcEN-lsaQ&oh=00_AfeGjVlO1cMusFFo7N6rvg8pQOktwbvzyb5IibZqfklVKg&oe=68ED40F0,120231642778970408,,,d:Ad|c:Bath|b:Nonbrand|s:Internal|ty:Image|st:ClickyQuestion|f:PersonShower
d:Ad|c:Bath|b:Nonbrand|s:Internal|ty:Image|st:ClickyQuestion|f:SqftShowerLargeV2,https://scontent-ord5-3.xx.fbcdn.net/v/t45.1600-4/528195395_804316528768343_1876161745433064487_n.png?stp=dst-jpg_tt6&_nc_cat=110&ccb=1-7&_nc_sid=890911&_nc_ohc=Cd01KgMcDsYQ7kNvwEuahqj&_nc_oc=Adkgoo8JYwu_8PoonAf9oQTFkf5w2qrsWyRXSTT4VTwN-jh90KjGcUarCvjgC3t5C6Y&_nc_zt=1&_nc_ht=scontent-ord5-3.xx&edm=AAT1rw8EAAAA&_nc_gid=j8xnjszwl890Ri0pIbuRTw&oh=00_AfftP4OlpUsOrpISZepcjtO8EYVVuR0ON763xTGWUOSsUg&oe=68ED22CE,120231642779040408,,,d:Ad|c:Bath|b:Nonbrand|s:Internal|ty:Image|st:ClickyQuestion|f:SqftShowerLargeV2
d:Ad|c:Bath|b:Nonbrand|s:Internal|ty:Image|st:ClickyQuestion|f:SqftShowerSmallV2,https://scontent-ord5-2.xx.fbcdn.net/v/t45.1600-4/527749840_1897637847759819_5030801453615876264_n.png?stp=dst-jpg_tt6&_nc_cat=104&ccb=1-7&_nc_sid=890911&_nc_ohc=En5yzfFVyYsQ7kNvwFdqda3&_nc_oc=AdnlLyECM8KXOZTwPQOZHpd5s4-g_Cdp9h2Q0yOOCD7QxRynT1SotB4qTK8NNT_N_Y4&_nc_zt=1&_nc_ht=scontent-ord5-2.xx&edm=AAT1rw8EAAAA&_nc_gid=j8xnjszwl890Ri0pIbuRTw&oh=00_AfdyBqGz1-2u2h0EcpAoMftI_Amc33nXpc0thkZb4H8XUw&oe=68ED2551,120231642778790408,,,d:Ad|c:Bath|b:Nonbrand|s:Internal|ty:Image|st:ClickyQuestion|f:SqftShowerSmallV2
d:Ad|c:Bath|b:Nonbrand|s:Internal|ty:Image|st:ClickySchedule|f:Affordability,https://scontent-ord5-3.xx.fbcdn.net/v/t45.1600-4/528450638_1464909447847235_6617311047821997406_n.png?stp=dst-jpg_tt6&_nc_cat=110&ccb=1-7&_nc_sid=890911&_nc_ohc=3-TRF-5pk-AQ7kNvwFTlnKV&_nc_oc=AdlNftng1ROpPdGGN8Y7idJ_1JFdC42SIBmDN47u9gkc9llsl3R6sO9qLkPJww_PQAM&_nc_zt=1&_nc_ht=scontent-ord5-3.xx&edm=AAT1rw8EAAAA&_nc_gid=hHGzIgNbkOfMiydr5_CC2Q&oh=00_AffAjUUfly90VpDT_Tc91HQbS0nt58FAkrh8xwKrU5ARcA&oe=68ED2513,120231642778890408,,,d:Ad|c:Bath|b:Nonbrand|s:Internal|ty:Image|st:ClickySchedule|f:Affordability
d:Ad|c:Bath|b:Nonbrand|s:Internal|ty:Image|st:ClickySchedule|f:OneDay,https://scontent-ord5-2.xx.fbcdn.net/v/t45.1600-4/528332123_1963776487754229_2774812860398287701_n.png?stp=dst-jpg_tt6&_nc_cat=102&ccb=1-7&_nc_sid=890911&_nc_ohc=rYhHR96LzLIQ7kNvwE7xP2N&_nc_oc=AdnqoGKhp5HVGbAILmPtNTgJbKeEYHrw41AVY8bhl4YHzatyWWYlbuiuFLrjlUaJ0vo&_nc_zt=1&_nc_ht=scontent-ord5-2.xx&edm=AAT1rw8EAAAA&_nc_gid=j8xnjszwl890Ri0pIbuRTw&oh=00_AfdeYhie0Rl7KsC3K8vhnF3FYxrGIYu953qUhteF8nh-vA&oe=68ED4775,120231642779050408,,,d:Ad|c:Bath|b:Nonbrand|s:Internal|ty:Image|st:ClickySchedule|f:OneDay
d:Ad|c:Bath|b:Nonbrand|s:Internal|ty:Image|st:ClickySchedule|f:Upgrade,https://scontent-ord5-2.xx.fbcdn.net/v/t45.1600-4/528871468_612732968242218_8074728513390258845_n.png?stp=dst-jpg_tt6&_nc_cat=103&ccb=1-7&_nc_sid=890911&_nc_ohc=nKxdrc1dkhEQ7kNvwHeRzbM&_nc_oc=AdlfnCMxRn15ervGjvQngQQNvhcD9sd3QgGzinrTeqUCmUCciRJO9tR9F_Z_OgHpxHY&_nc_zt=1&_nc_ht=scontent-ord5-2.xx&edm=AAT1rw8EAAAA&_nc_gid=j8xnjszwl890Ri0pIbuRTw&oh=00_Afd_-kNxQlDo_C49Goe1zsPtskyXzWhuK8Ojr8PdrjL23w&oe=68ED384E,120231642779230408,,,d:Ad|c:Bath|b:Nonbrand|s:Internal|ty:Image|st:ClickySchedule|f:Upgrade
d:Ad|c:Bath|b:Nonbrand|s:Internal|ty:Image|st:ClickyState|f:OneDay,https://scontent-ord5-1.xx.fbcdn.net/v/t45.1600-4/527864358_2204311126708971_7469436449182143231_n.png?stp=dst-jpg_tt6&_nc_cat=108&ccb=1-7&_nc_sid=890911&_nc_ohc=zQsSvNd4RQMQ7kNvwETwIJF&_nc_oc=AdmH4YAL7AgCQbcXNl_qWTYdQi4BBr6_OumbeUB7cY6_0CrLE9YAANG6hfxMqtDt4Tc&_nc_zt=1&_nc_ht=scontent-ord5-1.xx&edm=AAT1rw8EAAAA&_nc_gid=j8xnjszwl890Ri0pIbuRTw&oh=00_AfcDU0zU9Sexa9NVMnO_4Y6Sk6fxC-QleiLZdIBlsBaQgA&oe=68ED4AF5,120231642778940408,,,d:Ad|c:Bath|b:Nonbrand|s:Internal|ty:Image|st:ClickyState|f:OneDay
d:Ad|c:Bath|b:Nonbrand|s:Internal|ty:Image|st:ClickyState|f:RemodelCostV2,https://scontent-ord5-2.xx.fbcdn.net/v/t45.1600-4/528388414_1280340447116106_1751283651891296306_n.png?stp=dst-jpg_tt6&_nc_cat=102&ccb=1-7&_nc_sid=890911&_nc_ohc=K1KYYjh8oykQ7kNvwH8oI4G&_nc_oc=Adk8nvi1P97_h1tpdjuwbbEL1D_Fj0Pgco8vZcLMl--gZjSdw-KaBJow2Uo2TFXyjKg&_nc_zt=1&_nc_ht=scontent-ord5-2.xx&edm=AAT1rw8EAAAA&_nc_gid=j8xnjszwl890Ri0pIbuRTw&oh=00_AfeQmb1-MEZuikwck1qzPKZpGhygfZ8pVgUSpTDWEQb52g&oe=68ED2E2B,120231642778860408,,,d:Ad|c:Bath|b:Nonbrand|s:Internal|ty:Image|st:ClickyState|f:RemodelCostV2
d:Ad|c:Bath|b:Nonbrand|s:Internal|ty:Image|st:ClickyState|f:Shower,https://scontent-ord5-1.xx.fbcdn.net/v/t45.1600-4/529219145_692589090478952_7852948240838633511_n.png?stp=dst-jpg_tt6&_nc_cat=101&ccb=1-7&_nc_sid=890911&_nc_ohc=StYvYHFo4vMQ7kNvwEaJa-Y&_nc_oc=Admr_OgoYWmfEkPIKQRnteTWxQImo59DuRAXXFsOc7IkmZY4pUUIoi2JvX3o9VdYNbg&_nc_zt=1&_nc_ht=scontent-ord5-1.xx&edm=AAT1rw8EAAAA&_nc_gid=hHGzIgNbkOfMiydr5_CC2Q&oh=00_AfeXSFn-rlFA6_MR5nfaeQupdAq7MNH9QIgR2TZAwmpXNQ&oe=68ED385D,120231642779090408,,,d:Ad|c:Bath|b:Nonbrand|s:Internal|ty:Image|st:ClickyState|f:Shower
d:Ad|c:Bath|b:Nonbrand|s:Internal|ty:Image|st:ClickyState|f:ShowerCost,https://scontent-ord5-3.xx.fbcdn.net/v/t45.1600-4/528823968_730529349604778_2029276002562275859_n.png?stp=dst-jpg_tt6&_nc_cat=100&ccb=1-7&_nc_sid=890911&_nc_ohc=scEon491KtQQ7kNvwGAM3Rv&_nc_oc=AdlZRdtpBlSTvIv6dAvrDFM6KvlR7DPoqyDbbqn3QAzbiYb_pPgPD6_vgL7Yykr-fZA&_nc_zt=1&_nc_ht=scontent-ord5-3.xx&edm=AAT1rw8EAAAA&_nc_gid=j8xnjszwl890Ri0pIbuRTw&oh=00_Affh83oeQqGrLWua0nbWzs597U-qLUBvOutco25hAOM1wg&oe=68ED473C,120231642779060408,,,d:Ad|c:Bath|b:Nonbrand|s:Internal|ty:Image|st:ClickyState|f:ShowerCost
d:Ad|c:Bath|b:Nonbrand|s:Internal|ty:Image|st:ClickyState|f:Upgrade,https://scontent-ord5-3.xx.fbcdn.net/v/t45.1600-4/528674867_1137979371478670_160385410385575858_n.png?stp=dst-jpg_tt6&_nc_cat=106&ccb=1-7&_nc_sid=890911&_nc_ohc=vG4olEWlo0kQ7kNvwHxA4y8&_nc_oc=AdkvzQ1pydECwmtda3UxbO51qzImovd4rTuPnw4lMWnqUvWSdqxNOsTkbRSQIe9g5YQ&_nc_zt=1&_nc_ht=scontent-ord5-3.xx&edm=AAT1rw8EAAAA&_nc_gid=j8xnjszwl890Ri0pIbuRTw&oh=00_AfedfpfhHuTAI5HlqUnMDqLem7pespg3So8-r3WuUfzp2g&oe=68ED2E0E,120231642779100408,,,d:Ad|c:Bath|b:Nonbrand|s:Internal|ty:Image|st:ClickyState|f:Upgrade
d:Ad|c:Bath|b:Nonbrand|s:Internal|ty:Image|st:GridSelector|f:Bathroom1,https://scontent-iad3-2.xx.fbcdn.net/v/t45.1600-4/550815877_1553647395801779_2896539280966632037_n.png?stp=dst-jpg_tt6&_nc_cat=100&ccb=1-7&_nc_sid=890911&_nc_ohc=aLw_cujbNCUQ7kNvwHStNNa&_nc_oc=AdkJnv52wa-XKwx2k0Q0wX5om5Uu8fcYxo4DcO5XkcL9O5pNqpsrZ9uOY5bmk9SEfgs&_nc_zt=1&_nc_ht=scontent-iad3-2.xx&edm=AAT1rw8EAAAA&_nc_gid=fwHM9Qd0Rk6plxX0tLmr_A&oh=00_AfbT7p21zlwZ_2shuSNbmON-8eGue2a-sxaNQD1K_m57UA&oe=68D8ECC9,120231277740740408,,,d:Ad|c:Bath|b:Nonbrand|s:Internal|ty:Image|st:GridSelector|f:Bathroom1
d:Ad|c:Bath|b:Nonbrand|s:Internal|ty:Image|st:GridSelector|f:Bathroom1V2,https://scontent-ord5-1.xx.fbcdn.net/v/t45.1600-4/557624287_1444423746671351_9071239366414944437_n.png?stp=dst-jpg_tt6&_nc_cat=111&ccb=1-7&_nc_sid=890911&_nc_ohc=t_YJK7VrqhgQ7kNvwEicpJo&_nc_oc=AdnP0l5xJ2kDI1DLHEUiPzCe1ityq1nZU1OTcDW2hS3zyRULfFREefCFU9bhMKmXAzA&_nc_zt=1&_nc_ht=scontent-ord5-1.xx&edm=AAT1rw8EAAAA&_nc_gid=j8xnjszwl890Ri0pIbuRTw&oh=00_AfdZ8-cHwLPyBhh3LI9Kc4QXaOspyqun7oFgxXI7wC_1Vg&oe=68ED4B5C,120231657665420408,,,d:Ad|c:Bath|b:Nonbrand|s:Internal|ty:Image|st:GridSelector|f:Bathroom1V2
d:Ad|c:Bath|b:Nonbrand|s:Internal|ty:Image|st:GridSelector|f:Shower1,https://scontent-ord5-1.xx.fbcdn.net/v/t45.1600-4/550791783_1350969839953208_9214164086966686054_n.png?stp=dst-jpg_tt6&_nc_cat=101&ccb=1-7&_nc_sid=890911&_nc_ohc=8bw6sr-ks9QQ7kNvwEciUHN&_nc_oc=AdmI5f-drssnbQcZAkeXLwWICCFswL6AT7qgsy9Je8nrFGoyty_xp7L3xUy-cZwDjKA&_nc_zt=1&_nc_ht=scontent-ord5-1.xx&edm=AAT1rw8EAAAA&_nc_gid=hHGzIgNbkOfMiydr5_CC2Q&oh=00_Afew6U8IgaT0qhYQzPRo5yEl0OIMpFTnwmRC-ZY0c_7skA&oe=68ED4C6D,120231277802220408,,,d:Ad|c:Bath|b:Nonbrand|s:Internal|ty:Image|st:GridSelector|f:Shower1
d:Ad|c:Bath|b:Nonbrand|s:Internal|ty:Image|st:GridSelector|f:Vanity1,https://scontent-iad3-1.xx.fbcdn.net/v/t45.1600-4/550510336_1285929012716867_2153585021530965246_n.png?stp=dst-jpg_tt6&_nc_cat=109&ccb=1-7&_nc_sid=890911&_nc_ohc=MKn1DBpdoxUQ7kNvwG3JWcz&_nc_oc=AdktqxcwYR5xuUjJ1MV8QdFxR1R4qUl2tIMRDA0dfzq6M_5figodE_EpbyaBaQIroek&_nc_zt=1&_nc_ht=scontent-iad3-1.xx&edm=AAT1rw8EAAAA&_nc_gid=F0uSAMGtDzjaZAnUxKuVwA&oh=00_AfbXthjy6C1gEBaEHWbXmc6v7nR7_KkgucI8X7cbIIGeKg&oe=68D8D6C4,120231277796430408,,,d:Ad|c:Bath|b:Nonbrand|s:Internal|ty:Image|st:GridSelector|f:Vanity1
d:Ad|c:Bath|b:Nonbrand|s:Internal|ty:Image|st:NetworxLux|f:Image15CTA,https://scontent-ord5-3.xx.fbcdn.net/v/t45.1600-4/559202416_813166611245470_8206439806533891633_n.png?stp=dst-jpg_tt6&_nc_cat=100&ccb=1-7&_nc_sid=890911&_nc_ohc=ScnXHuMJ6AcQ7kNvwGSdDa7&_nc_oc=AdnrZ-a26SSOzpNMN3kfgSjbqjyrvOTDDCz_QmJrIfHpHmTSsc03kw8JNPaLwqIetrA&_nc_zt=1&_nc_ht=scontent-ord5-3.xx&edm=AAT1rw8EAAAA&_nc_gid=hHGzIgNbkOfMiydr5_CC2Q&oh=00_AffUYatohSCO-eSbqCFsXHPZtON48nDu5sxdJ34wIncLvQ&oe=68ED2F02,120231805295800408,,,d:Ad|c:Bath|b:Nonbrand|s:Internal|ty:Image|st:NetworxLux|f:Image15CTA
d:Ad|c:Bath|b:Nonbrand|s:Internal|ty:Image|st:NetworxLux|f:Journey7,https://scontent-ord5-3.xx.fbcdn.net/v/t45.1600-4/551491820_649263694906473_5568059005507392706_n.png?stp=dst-jpg_tt6&_nc_cat=110&ccb=1-7&_nc_sid=890911&_nc_ohc=kU-WztD7GKwQ7kNvwFX9QtD&_nc_oc=AdlddIQ4xqRAXWcOd1RUv46q1FmpxwgJCG-X3WcvjT5xEqdgehYGPVIMC-NdyM4BcD8&_nc_zt=1&_nc_ht=scontent-ord5-3.xx&edm=AAT1rw8EAAAA&_nc_gid=hHGzIgNbkOfMiydr5_CC2Q&oh=00_AfeW0ckyiUxQx0Cyh2C1JR_sZrawkJrrhSHaP7DSez5gng&oe=68ED198C,120231276492430408,,,d:Ad|c:Bath|b:Nonbrand|s:Internal|ty:Image|st:NetworxLux|f:Journey7
d:Ad|c:Bath|b:Nonbrand|s:Internal|ty:Image|st:SneakySven|f:Affordability,https://scontent-ord5-3.xx.fbcdn.net/v/t45.1600-4/528074090_2184074852037851_3930227872724332617_n.png?stp=dst-jpg_tt6&_nc_cat=100&ccb=1-7&_nc_sid=890911&_nc_ohc=E2QDcHRQo7MQ7kNvwEzOV05&_nc_oc=AdkAYcaX4f2rPuF8sNI4InvbDW9komvOplZQFhk-kDLMvPPJVSuIR9btJUX_bkWhDF4&_nc_zt=1&_nc_ht=scontent-ord5-3.xx&edm=AAT1rw8EAAAA&_nc_gid=hHGzIgNbkOfMiydr5_CC2Q&oh=00_AffY2cJUoLxPoINYtke1hp-uygCu5ZKq6V1tQ2mEXaWYCw&oe=68ED422C,120231642779690408,,,d:Ad|c:Bath|b:Nonbrand|s:Internal|ty:Image|st:SneakySven|f:Affordability
d:Ad|c:Bath|b:Nonbrand|s:Internal|ty:Image|st:SneakySven|f:BathCost,https://scontent-ord5-3.xx.fbcdn.net/v/t45.1600-4/528712658_1507866240560802_2554600691766062330_n.png?stp=dst-jpg_tt6&_nc_cat=100&ccb=1-7&_nc_sid=890911&_nc_ohc=YxksAoTEHqQQ7kNvwEdgyzH&_nc_oc=AdnBA6uVzTv9p9aFb_-U_njBshQT7UMZrwl_RY_umfasOaDqhQiioEzv93lebsZEk9w&_nc_zt=1&_nc_ht=scontent-ord5-3.xx&edm=AAT1rw8EAAAA&_nc_gid=j8xnjszwl890Ri0pIbuRTw&oh=00_AfftPB3suof-rwuPCuur20aGHD-a-uSTqnFoKTwnh4LWOA&oe=68ED3A24,120231642778850408,,,d:Ad|c:Bath|b:Nonbrand|s:Internal|ty:Image|st:SneakySven|f:BathCost
d:Ad|c:Bath|b:Nonbrand|s:Internal|ty:Image|st:SneakySven|f:OneDay,https://scontent-ord5-1.xx.fbcdn.net/v/t45.1600-4/528535422_730221653127574_4315436508949587785_n.png?stp=dst-jpg_tt6&_nc_cat=108&ccb=1-7&_nc_sid=890911&_nc_ohc=8wYMkR1wpS0Q7kNvwFBXXqU&_nc_oc=Adlgb7GNF-UrWBLAcGjLoJOrS8zdYgM6EQzO3chYQUIOHB5Iib8nH3wSbe8Gncoar18&_nc_zt=1&_nc_ht=scontent-ord5-1.xx&edm=AAT1rw8EAAAA&_nc_gid=j8xnjszwl890Ri0pIbuRTw&oh=00_AfeSBwfwXgWPcnQzAKK1Y3eXFQuRV3NTnR4VGaGAXrpteg&oe=68ED3F82,120231642778950408,,,d:Ad|c:Bath|b:Nonbrand|s:Internal|ty:Image|st:SneakySven|f:OneDay
d:Ad|c:Bath|b:Nonbrand|s:Internal|ty:Image|st:SneakySven|f:ShowerCost,https://scontent-ord5-3.xx.fbcdn.net/v/t45.1600-4/528468779_1651930792156184_3754368490930399396_n.png?stp=dst-jpg_tt6&_nc_cat=109&ccb=1-7&_nc_sid=890911&_nc_ohc=N1c5PadUhjwQ7kNvwFoHJiR&_nc_oc=AdlxP42FXBzqo5lSeigclZf0GO4YH38o38FJcuOXjmhbpD89KzR2Kkg1QC9Jif7Q1NE&_nc_zt=1&_nc_ht=scontent-ord5-3.xx&edm=AAT1rw8EAAAA&_nc_gid=j8xnjszwl890Ri0pIbuRTw&oh=00_Afcm7Q0vxtqMls0zBNnZDB1J6snvDmQNooBSXEZcdtSukA&oe=68ED2EFC,120229532046700408,,,d:Ad|c:Bath|b:Nonbrand|s:Internal|ty:Image|st:SneakySven|f:ShowerCost
d:Ad|c:Bath|b:Nonbrand|s:Internal|ty:Image|st:TextImage|f:8Reasons1,https://scontent-ord5-1.xx.fbcdn.net/v/t45.1600-4/556912088_1274736221001165_8090900667236686461_n.png?stp=dst-jpg_tt6&_nc_cat=101&ccb=1-7&_nc_sid=890911&_nc_ohc=sU6e3goSdkkQ7kNvwEovHfa&_nc_oc=AdlQ6XXSZSHIkPWDEiVtsv632SZO4vh3LmLpNXXiAoGN2a-uBxj59HsMl95IB1vKgfE&_nc_zt=1&_nc_ht=scontent-ord5-1.xx&edm=AAT1rw8EAAAA&_nc_gid=bynu8cb65zu4ZkcEN-lsaQ&oh=00_AffO51owKeNyCtwu5LeuHPgh1OTqtVVI9pt68U3ZYGzgGw&oe=68ED2759,120231658190500408,,,d:Ad|c:Bath|b:Nonbrand|s:Internal|ty:Image|st:TextImage|f:8Reasons1
d:Ad|c:Bath|b:Nonbrand|s:Internal|ty:Image|st:TextImage|f:Testimonial2,https://scontent-iad3-2.xx.fbcdn.net/v/t45.1600-4/551310768_1806889063237933_5320128613702781919_n.png?stp=dst-jpg_tt6&_nc_cat=111&ccb=1-7&_nc_sid=890911&_nc_ohc=JWYgmeKTXxEQ7kNvwGosbKj&_nc_oc=Adk3EC-tU76fvagqqQJNcu6i-ekaE0-Ey90fVrWrKflA6WpIm2544oId8wGYqoboi30&_nc_zt=1&_nc_ht=scontent-iad3-2.xx&edm=AAT1rw8EAAAA&_nc_gid=fwHM9Qd0Rk6plxX0tLmr_A&oh=00_Afbr3mvbuv35TbLmqxWN31L-NWW3d9xwH_t4Tzm1wxcGgA&oe=68D8E12D,120231277391250408,,,d:Ad|c:Bath|b:Nonbrand|s:Internal|ty:Image|st:TextImage|f:Testimonial2
d:Ad|c:Bath|b:Nonbrand|s:Internal|ty:Image|st:TextImage|f:TextMessage1,https://scontent-ord5-3.xx.fbcdn.net/v/t45.1600-4/556705370_1302166217753489_1791480145533344207_n.png?stp=dst-jpg_tt6&_nc_cat=106&ccb=1-7&_nc_sid=890911&_nc_ohc=BrLiso0ExT4Q7kNvwH4F3R9&_nc_oc=AdmGytQhz-Z8mtNNUdEw5B2SeygBKvx7i-7qbUrP7CBOxulOh5MO8kpUSEsysBH_FdI&_nc_zt=1&_nc_ht=scontent-ord5-3.xx&edm=AAT1rw8EAAAA&_nc_gid=bynu8cb65zu4ZkcEN-lsaQ&oh=00_Afd21y1xLgXo6hYx64iEaKcaKTDMpPSVDODRQTdQB0pWvQ&oe=68ED1946,120231658190480408,,,d:Ad|c:Bath|b:Nonbrand|s:Internal|ty:Image|st:TextImage|f:TextMessage1
d:Ad|c:Bath|b:Nonbrand|s:Internal|ty:Image|st:TextOver|f:VanitySimple,https://scontent-ord5-1.xx.fbcdn.net/v/t45.1600-4/528231556_1061222696223998_1972536243754620956_n.png?stp=dst-jpg_tt6&_nc_cat=101&ccb=1-7&_nc_sid=890911&_nc_ohc=Z7PncmiFVKsQ7kNvwFARzp8&_nc_oc=Adm8Qo1pDhU2WjrIAMx2W_WlVYHOUqU7N4vf52ET70plfj0hmR9-p5vdBJomxoTwjwc&_nc_zt=1&_nc_ht=scontent-ord5-1.xx&edm=AAT1rw8EAAAA&_nc_gid=hHGzIgNbkOfMiydr5_CC2Q&oh=00_Afd8xrJ9UF6xzNCTWCgx-iAllMqIewbf-JRaGwJPc8kXBA&oe=68ED3887,120231642778830408,,,d:Ad|c:Bath|b:Nonbrand|s:Internal|ty:Image|st:TextOver|f:VanitySimple
,,,,,N
,,,,,N
,,,,,N
,,,,,N
,,,,,N
,,,,,N
,,,,,N
,,,,,N
,,,,,N
,,,,,N
,,,,,N
,,,,,N
,,,,,N
,,,,,N
,,,,,N
,,,,,N
,,,,,N
,,,,,N
,,,,,N
,,,,,N
,,,,,N
,,,,,N
,,,,,N
,,,,,N
,,,,,N
,,,,,N
,,,,,N
,,,,,N
,,,,,N
,,,,,N
,,,,,N
,,,,,N
,,,,,N